image_url,Cluster,Sentiment
https://media.rtm.com/thegreatexchange/large/9f489078-aeae-4acc-b00f-64a38ca1baae.jpeg,60,Negative
https://media.rtm.com/thegreatexchange/large/9f48ee0b-46ba-4303-b098-7bb6f4510666.jpeg,52,Positive
https://media.rtm.com/thegreatexchange/large/0d24728d-e6d3-44fb-9039-62f5c0fde89c.jpeg,97,Positive
https://media.rtm.com/thegreatexchange/large/f5158ea9-efc4-486f-ab62-aa3ae94b84e0.jpeg,34,Positive
https://media.rtm.com/thegreatexchange/large/dd36b189-6cd2-4cb2-9c18-cf7f677f3114.jpeg,47,Positive
https://media.rtm.com/thegreatexchange/large/3e06b2b3-603d-4619-b9a3-e6c87e1a1679.jpeg,93,Positive
https://media.rtm.com/thegreatexchange/large/344421c9-275c-4104-9067-ba221be299d3.jpeg,32,Positive
https://media.rtm.com/thegreatexchange/large/fcecbda5-533b-42ad-91df-7c7347919bf2.jpeg,34,Positive
https://media.rtm.com/thegreatexchange/large/366866c8-3406-42ca-9984-0c928684820c.jpeg,1,Positive
https://media.rtm.com/thegreatexchange/large/61c30d50-8371-42ce-8e1d-86b9160fb7e5.jpeg,19,Positive
https://media.rtm.com/thegreatexchange/large/484e3d42-ceec-488b-80a1-4b3b5c113a20.jpeg,75,Negative
https://media.rtm.com/thegreatexchange/large/0007d4ba-ce05-4e3c-bc8d-43c2aa45b2cf.jpeg,23,Positive
https://media.rtm.com/thegreatexchange/large/2d5d8d83-21f4-48ce-8ea4-a7bace68f505.jpeg,76,Positive
https://media.rtm.com/thegreatexchange/large/97520444-f8f6-4cfa-ad72-92b88d2de7a6.jpeg,19,Negative
https://media.rtm.com/thegreatexchange/large/5c77834c-a0cc-4e31-8ae3-a69f40ec6759.jpeg,61,Positive
https://media.rtm.com/thegreatexchange/large/e7d1e63b-88dd-4159-b025-82a0a83f8ff5.jpeg,42,Positive
https://media.rtm.com/thegreatexchange/large/a20d27bd-6209-49ae-b740-e09cb4649769.jpeg,29,Negative
https://media.rtm.com/thegreatexchange/large/5b7639ef-6d17-4a25-b090-fde825a950d4.jpeg,23,Positive
https://media.rtm.com/thegreatexchange/large/633975b9-d1de-44c4-abec-f7968eec9574.jpeg,15,Negative
https://media.rtm.com/thegreatexchange/large/062fd308-efcf-4afc-a0b3-19af79889384.jpeg,85,Positive
https://media.rtm.com/thegreatexchange/large/a386d924-4872-47a7-a29a-762b3abb3dea.jpeg,3,Negative
https://media.rtm.com/thegreatexchange/large/9887ead6-88bb-494b-bd14-12826e1799b7.jpeg,55,Positive
https://media.rtm.com/thegreatexchange/large/44f8001a-2c27-4bef-9a2c-385ca383a5a5.jpeg,25,Negative
https://media.rtm.com/thegreatexchange/large/51704eb2-1977-4fd9-9276-67185899bf69.jpeg,67,Positive
https://media.rtm.com/thegreatexchange/large/e51fa7b2-6792-4da5-b837-63d753feacef.jpeg,49,Positive
https://media.rtm.com/thegreatexchange/large/4c000d28-43a7-4376-87fc-ff59bb2f3220.jpeg,46,Positive
https://media.rtm.com/thegreatexchange/large/d6c74198-95f3-43e9-9c72-7efe5ec2bb4f.jpeg,70,Neutral
https://media.rtm.com/thegreatexchange/large/2493d554-be58-40e1-9335-cb289013041f.jpeg,43,Positive
https://media.rtm.com/thegreatexchange/large/5a34157e-6c21-4f35-b953-cb3984fb80af.jpeg,63,Positive
https://media.rtm.com/thegreatexchange/large/a429ae9d-f288-441a-bbb6-f7d640271109.jpeg,3,Negative
https://media.rtm.com/thegreatexchange/large/85b23955-27f5-4bb2-8737-7141fd13ae6b.jpeg,7,Positive
https://media.rtm.com/thegreatexchange/large/752aef40-536e-42ac-af15-ded6efa36a56.jpeg,28,Positive
https://media.rtm.com/thegreatexchange/large/27ff4311-17af-41d8-937e-e9dc37e095ad.jpeg,7,Positive
https://media.rtm.com/thegreatexchange/large/a6eb4975-d245-47bc-a9ff-80a049cb4f83.jpeg,32,Positive
https://media.rtm.com/thegreatexchange/large/959f2957-503b-4569-965d-84c8919bb34b.jpeg,45,Negative
https://media.rtm.com/thegreatexchange/large/36770512-a3f2-4ad4-a9b2-66dc63a943e8.jpeg,33,Positive
https://media.rtm.com/thegreatexchange/large/ceb16ca0-b2d5-4563-afc5-3ec95fb4a548.jpeg,61,Positive
https://media.rtm.com/thegreatexchange/large/91cb0185-31e8-46e1-b25c-70818dfd7c9c.jpeg,31,Neutral
https://media.rtm.com/thegreatexchange/large/e7e911a9-2bde-4201-9dd2-5b4a32203580.jpeg,49,Positive
https://media.rtm.com/thegreatexchange/large/4146a07e-6294-4dc3-a1ba-cb9efe62fc35.jpeg,41,Positive
https://media.rtm.com/thegreatexchange/large/2666080d-f888-4761-a4b2-534017032240.jpeg,17,Positive
https://media.rtm.com/thegreatexchange/large/c3ee0b09-11a8-499b-be25-4501fbb78279.jpeg,92,Positive
https://media.rtm.com/thegreatexchange/large/fe8b32ab-f98e-4b36-9468-3644bc7a379a.jpeg,27,Positive
https://media.rtm.com/thegreatexchange/large/a04a2c42-5f2e-4a90-8d4e-da6d84388814.jpeg,11,Positive
https://media.rtm.com/thegreatexchange/large/aee50b70-3ab7-4fa1-8ea5-560193d4a96b.jpeg,3,Neutral
https://media.rtm.com/thegreatexchange/large/7aa87910-a556-45e3-a0c9-dc362fcc321d.jpeg,94,Positive
https://media.rtm.com/thegreatexchange/large/3d4a9a0f-15c0-48e7-b4b5-4a3fca5beb5c.jpeg,82,Negative
https://media.rtm.com/thegreatexchange/large/7f100934-6bcc-4620-8956-ad7ddb5c9a10.jpeg,99,Positive
https://media.rtm.com/thegreatexchange/large/3d6f9d52-539c-43bc-bff2-d884da8873ac.jpeg,53,Positive
https://media.rtm.com/thegreatexchange/large/3c9b5f6a-4862-4c3d-b2e6-a8c8310aa0e0.jpeg,84,Positive
https://media.rtm.com/thegreatexchange/large/7492249a-e083-440d-a1fb-25a814418e9a.jpeg,83,Positive
https://media.rtm.com/thegreatexchange/large/bd6487aa-7cab-4dec-ae20-7b72dd013fe8.jpeg,3,Positive
https://media.rtm.com/thegreatexchange/large/b779d96e-c1e1-4e68-8239-1da72242687e.jpeg,32,Positive
https://media.rtm.com/thegreatexchange/large/df55bd36-6336-4918-a8cf-6bb1314dabdb.jpeg,83,Neutral
https://media.rtm.com/thegreatexchange/large/8f99bcfa-58ea-4ad5-936c-d1a5fbbdcff8.jpeg,59,Negative
https://media.rtm.com/thegreatexchange/large/a04022dc-f5ae-4721-a62b-f8fa88fa7e5a.jpeg,22,Positive
https://media.rtm.com/thegreatexchange/large/9560ac9a-4dbc-4492-a2d6-0f983992643b.jpeg,3,Positive
https://media.rtm.com/thegreatexchange/large/c65ca7aa-9a00-4851-b3d7-70a0aaddb02c.jpeg,15,Positive
https://media.rtm.com/thegreatexchange/large/6a251473-f426-47b5-a967-55f941cde8c8.jpeg,20,Negative
https://media.rtm.com/thegreatexchange/large/0120d551-4f04-4ab0-a77f-c76da7f49600.jpeg,87,Negative
https://media.rtm.com/thegreatexchange/large/540d0b90-fbb8-46ae-b164-7bb9b5cffd96.jpeg,33,Neutral
https://media.rtm.com/thegreatexchange/large/c63989e1-489d-4121-af63-baf9e8d8cef6.jpeg,43,Negative
https://media.rtm.com/thegreatexchange/large/9989ccc3-1b17-447c-923f-92abed81b3e5.jpeg,3,Positive
https://media.rtm.com/thegreatexchange/large/26d0214b-ea70-46ae-8b78-77f541099479.jpeg,48,Neutral
https://media.rtm.com/thegreatexchange/large/789ad3fb-000f-4f3b-bbf7-1ef8328767c9.jpeg,47,Negative
https://media.rtm.com/thegreatexchange/large/ac7f360a-e628-4eef-a2f2-2356a2154b23.jpeg,16,Positive
https://media.rtm.com/thegreatexchange/large/8f0ea6ba-2059-48ee-85cf-c453ddfd4eb8.jpeg,45,Negative
https://media.rtm.com/thegreatexchange/large/3fc67d91-ee79-42e9-9a94-0ab1c834b351.jpeg,27,Positive
https://media.rtm.com/thegreatexchange/large/dd7ed656-d2e8-4752-8a38-adc21f05f979.jpeg,80,Positive
https://media.rtm.com/thegreatexchange/large/4710d18c-9a0f-43f9-a419-ad49272508d2.jpeg,81,Positive
https://media.rtm.com/thegreatexchange/large/a916b580-975e-474e-aefd-7c54ea54279b.jpeg,59,Positive
https://media.rtm.com/thegreatexchange/large/83f764d1-7db5-46af-89b0-4e7826216f24.jpeg,88,Positive
https://media.rtm.com/thegreatexchange/large/cd98ee4b-6ec0-4c98-912d-ecc0914efceb.jpeg,68,Negative
https://media.rtm.com/thegreatexchange/large/ba73f172-5485-4cee-b202-d5fdf9a20013.jpeg,12,Negative
https://media.rtm.com/thegreatexchange/large/d78e931c-35b1-4d1d-8653-ed71f2ec1057.jpeg,68,Neutral
https://media.rtm.com/thegreatexchange/large/be32dc80-ff3d-429f-8461-17f37b61a8fd.jpeg,4,Positive
https://media.rtm.com/thegreatexchange/large/f12a0191-6180-49dc-be5c-bd4175d29c7d.jpeg,38,Positive
https://media.rtm.com/thegreatexchange/large/e4e015df-b132-46ad-a1e3-e9fe0e3eaf70.jpeg,26,Positive
https://media.rtm.com/thegreatexchange/large/a70975a3-a841-461f-a07d-672a80998b26.jpeg,80,Positive
https://media.rtm.com/thegreatexchange/large/69f8ac44-6df8-4053-b839-b9cb15b805ce.jpeg,92,Positive
https://media.rtm.com/thegreatexchange/large/93bc3046-5ae3-409e-9748-d80917b7e2e8.jpeg,29,Positive
https://media.rtm.com/thegreatexchange/large/340239f4-4b94-4cfb-bfb7-8be80292ac5a.jpeg,64,Negative
https://media.rtm.com/thegreatexchange/large/689553fa-58d9-4bb7-9425-0874c73b5eb1.jpeg,40,Negative
https://media.rtm.com/thegreatexchange/large/333405da-cf6c-4962-9c45-37c15f36aeb8.jpeg,80,Negative
https://media.rtm.com/thegreatexchange/large/e916012b-8e74-4e8e-a9c8-442864302efc.jpeg,71,Negative
https://media.rtm.com/thegreatexchange/large/203f2aad-23e9-4b37-900b-4729d7d20e94.jpeg,14,Positive
https://media.rtm.com/thegreatexchange/large/8e3a7412-1a78-4ac6-92b4-c4b69601443a.jpeg,34,Negative
https://media.rtm.com/thegreatexchange/large/1c1c0db3-925a-4bff-8c54-8265a57f7df9.jpeg,6,Positive
https://media.rtm.com/thegreatexchange/large/627316d4-05b8-44d5-a57e-761ce3815601.jpeg,69,Negative
https://media.rtm.com/thegreatexchange/large/f02fc7d9-93e3-4ae9-9467-20ee3d725f42.jpeg,10,Positive
https://media.rtm.com/thegreatexchange/large/7de4c947-8adf-40a7-8ffc-137b47341181.jpeg,52,Positive
https://media.rtm.com/thegreatexchange/large/18caecf9-c352-4ca1-9a4c-8e2bf913fc51.jpeg,42,Positive
https://media.rtm.com/thegreatexchange/large/ebc906af-a40a-4f6a-912c-46662ea58336.jpeg,27,Positive
https://media.rtm.com/thegreatexchange/large/1c845d65-e2ff-4c22-849c-893d7f1c8d7e.jpeg,98,Positive
https://media.rtm.com/thegreatexchange/large/32d5f2a2-0f6c-4102-8ce9-c93f9b1db70f.jpeg,46,Negative
https://media.rtm.com/thegreatexchange/large/bc2522b1-44fd-475b-bd31-06b670b6496e.jpeg,6,Positive
https://media.rtm.com/thegreatexchange/large/2d9a3860-992f-46d0-b11b-0a049174f6c2.jpeg,45,Positive
https://media.rtm.com/thegreatexchange/large/83439c53-cbd2-487b-acb6-ac7c7b10b90b.jpeg,48,Positive
https://media.rtm.com/thegreatexchange/large/7cca2af5-c152-48b4-9f2e-ebb6752077d8.jpeg,3,Positive
https://media.rtm.com/thegreatexchange/large/c528b573-b6c1-44d3-a0b8-39df65c2fd8c.jpeg,20,Positive
https://media.rtm.com/thegreatexchange/large/62669d41-5ec6-45d8-b624-5b920bf6c35d.jpeg,7,Positive
https://media.rtm.com/thegreatexchange/large/50cff109-d7e8-4e11-a5e4-b70d3be7a2dc.jpeg,22,Positive
https://media.rtm.com/thegreatexchange/large/e1110f86-aeb7-4721-b2ad-42b54bd60621.jpeg,78,Negative
https://media.rtm.com/thegreatexchange/large/7ea97163-6695-4acf-8077-3ee0911d2389.jpeg,3,Positive
https://media.rtm.com/thegreatexchange/large/0d5c46c1-b054-4772-b41b-249edfc2483a.jpeg,26,Positive
https://media.rtm.com/thegreatexchange/large/f26d28f9-4cc6-416d-aa37-d784d0bbf38a.jpeg,11,Positive
https://media.rtm.com/thegreatexchange/large/bda02f2f-07bd-44fc-b842-5adc93fa16af.jpeg,19,Negative
https://media.rtm.com/thegreatexchange/large/14874085-04d4-4573-949f-57d9b2fa716a.jpeg,3,Positive
https://media.rtm.com/thegreatexchange/large/911be435-cb6c-40ff-843f-64dce6a6614f.jpeg,21,Positive
https://media.rtm.com/thegreatexchange/large/96935022-74a7-4ce2-ad9a-6b80ca306e08.jpeg,3,Positive
https://media.rtm.com/thegreatexchange/large/b669a456-ecf3-4479-b68d-40c15f2ba768.jpeg,75,Positive
https://media.rtm.com/thegreatexchange/large/7c12b12e-60a2-4d20-aa0a-26d37d2db5f1.jpeg,10,Positive
https://media.rtm.com/thegreatexchange/large/d92b46be-ae1b-4e69-8d91-ef553dcecc1a.jpeg,72,Negative
https://media.rtm.com/thegreatexchange/large/4dfc27e7-4e63-42bc-9ed2-8a51ad0968c2.jpeg,58,Positive
https://media.rtm.com/thegreatexchange/large/11bedfdf-e3ec-464c-96ec-ae996ce599c1.jpeg,27,Positive
https://media.rtm.com/thegreatexchange/large/277916d4-3f63-4e28-a897-81d7ef2e3faf.jpeg,17,Negative
https://media.rtm.com/thegreatexchange/large/93fb183d-f9f3-4043-8d9c-ebe4543a6090.jpeg,7,Positive
https://media.rtm.com/thegreatexchange/large/af406061-fdd3-4c15-9660-30246b141445.jpeg,56,Positive
https://media.rtm.com/thegreatexchange/large/2ed8c454-889a-4036-81fa-7e91531abb45.jpeg,41,Positive
https://media.rtm.com/thegreatexchange/large/a336ff87-bd0f-4ba1-acd0-eaa0ec98910f.jpeg,27,Positive
https://media.rtm.com/thegreatexchange/large/d3457cea-d504-4ae1-adb5-b14d2ae25929.jpeg,72,Positive
https://media.rtm.com/thegreatexchange/large/fc879ae6-a8b8-44e6-b7db-396b18097145.jpeg,20,Positive
https://media.rtm.com/thegreatexchange/large/25f19684-b0dd-44d8-b5e8-573036af115c.jpeg,3,Positive
https://media.rtm.com/thegreatexchange/large/ae62471c-f30c-473b-9982-166bbeb0e396.jpeg,45,Negative
https://media.rtm.com/thegreatexchange/large/94e1eb17-0abf-4b9a-8d95-69eee95c1db0.jpeg,93,Positive
https://media.rtm.com/thegreatexchange/large/b206f39d-0df9-4d66-917b-dcd9242fc841.jpeg,48,Positive
https://media.rtm.com/thegreatexchange/large/7a25d424-f731-41ff-bd11-baf66635c60d.jpeg,6,Positive
https://media.rtm.com/thegreatexchange/large/68204853-8a03-4cb4-91d1-e6d9dc160644.jpeg,76,Negative
https://media.rtm.com/thegreatexchange/large/1436764e-116e-4c33-b30a-0e04e3902e0e.jpeg,55,Positive
https://media.rtm.com/thegreatexchange/large/ebb8781b-7915-471b-b956-ba42c49a7a7c.jpeg,43,Positive
https://media.rtm.com/thegreatexchange/large/d9fa0204-5ae2-451d-8e13-1019662c210d.jpeg,35,Positive
https://media.rtm.com/thegreatexchange/large/842d5963-159c-4ea9-9aee-bb4f51612c20.jpeg,34,Negative
https://media.rtm.com/thegreatexchange/large/f15df7ef-a840-4ba6-809c-05081517e7cb.jpeg,67,Positive
https://media.rtm.com/thegreatexchange/large/94e03778-a448-4a9c-aa26-457cf33417b2.jpeg,8,Negative
https://media.rtm.com/thegreatexchange/large/647decfc-35b8-47c7-aa5b-1043618f02e6.jpeg,44,Neutral
https://media.rtm.com/thegreatexchange/large/d93b9608-117c-43fc-8c16-160d22426401.jpeg,94,Positive
https://media.rtm.com/thegreatexchange/large/c6277288-6cc9-4526-ae81-3372b6a3cd22.jpeg,18,Positive
https://media.rtm.com/thegreatexchange/large/070045e8-f39c-4f68-9756-3a369c7d21d9.jpeg,35,Positive
https://media.rtm.com/thegreatexchange/large/933a73b6-58af-4dc3-998a-552404a9222c.jpeg,50,Positive
https://media.rtm.com/thegreatexchange/large/8b78eb9e-7645-40ba-92c7-6d94776c8e14.jpeg,80,Positive
https://media.rtm.com/thegreatexchange/large/65542881-4caf-4a58-834a-ad919865077d.jpeg,6,Positive
https://media.rtm.com/thegreatexchange/large/56b16256-5cfe-4aa7-8f53-e1a318a97b86.jpeg,97,Positive
https://media.rtm.com/thegreatexchange/large/c66a64eb-cc82-4461-8759-61aec746469c.jpeg,86,Positive
https://media.rtm.com/thegreatexchange/large/bd1ae12f-bf92-4be5-bac4-c39a010432ce.jpeg,80,Positive
https://media.rtm.com/thegreatexchange/large/57de0563-cabb-432f-9554-2abb86e5782b.jpeg,19,Negative
https://media.rtm.com/thegreatexchange/large/81b83883-b017-43e8-b149-410b2c1d9e60.jpeg,71,Positive
https://media.rtm.com/thegreatexchange/large/fc2d1ace-82dd-405a-b018-d81d86187c14.jpeg,3,Positive
https://media.rtm.com/thegreatexchange/large/e6ee1a06-bb03-47b3-8021-9cde7f0379b0.jpeg,33,Positive
https://media.rtm.com/thegreatexchange/large/fd01c9d0-b89a-4571-9b4f-0cf061127301.jpeg,21,Negative
https://media.rtm.com/thegreatexchange/large/4396dc64-98fc-4b7a-ba07-4d61d44c3183.jpeg,73,Positive
https://media.rtm.com/thegreatexchange/large/f267c769-0428-48ec-9544-1f9972805641.jpeg,98,Positive
https://media.rtm.com/thegreatexchange/large/5a5e16e5-c30f-46e7-b969-ce4d7d521fbc.jpeg,19,Positive
https://media.rtm.com/thegreatexchange/large/0671180b-f05d-4e2e-a27d-eab1445adf81.jpeg,54,Negative
https://media.rtm.com/thegreatexchange/large/bd158eb0-9a11-431c-80f9-b7787514acf8.jpeg,33,Positive
https://media.rtm.com/thegreatexchange/large/f83b57fc-48d2-4aaf-9953-0f6ffefc7c46.jpeg,14,Positive
https://media.rtm.com/thegreatexchange/large/15ab545b-9109-40af-8e7e-3a70143e9c02.jpeg,92,Positive
https://media.rtm.com/thegreatexchange/large/27ae5cf5-40c4-4cff-8383-43af4460326d.jpeg,21,Positive
https://media.rtm.com/thegreatexchange/large/00ae1d13-9c75-4ef5-96e2-01479d52cd00.jpeg,70,Negative
https://media.rtm.com/thegreatexchange/large/92b8fafe-2116-401d-b150-8224874de117.jpeg,83,Positive
https://media.rtm.com/thegreatexchange/large/7e9a5114-e2c3-4a0f-a61d-609603ad46df.jpeg,97,Neutral
https://media.rtm.com/thegreatexchange/large/4b24be9f-c19d-4cff-831e-8416ff143341.jpeg,25,Positive
https://media.rtm.com/thegreatexchange/large/f77a49e3-1709-41a6-b5cf-367f99e1a3e6.jpeg,54,Positive
https://media.rtm.com/thegreatexchange/large/c5b820b3-70a7-467d-981c-9437bc49c0d0.jpeg,4,Neutral
https://media.rtm.com/thegreatexchange/large/d77821d7-475f-4bcf-95b0-ab211ef40950.jpeg,27,Positive
https://media.rtm.com/thegreatexchange/large/ae279c51-2028-4843-bc53-595b902c3b33.jpeg,2,Positive
https://media.rtm.com/thegreatexchange/large/9edbb62f-2b90-4ae9-a5fd-0b78ee53e563.jpeg,31,Positive
https://media.rtm.com/thegreatexchange/large/aeb771ea-5c22-4e2e-9f4a-11429beb16a8.jpeg,75,Negative
https://media.rtm.com/thegreatexchange/large/3c1ef8e5-1b89-415e-8c72-0fbd2c02f017.jpeg,51,Positive
https://media.rtm.com/thegreatexchange/large/9b36f137-2c8f-4cb8-90fa-0c9980ec8633.jpeg,44,Negative
https://media.rtm.com/thegreatexchange/large/f80b9250-7dcf-4287-a04f-155881625b84.jpeg,98,Positive
https://media.rtm.com/thegreatexchange/large/2267b301-50ee-43f8-93ec-50e4b2297082.jpeg,80,Negative
https://media.rtm.com/thegreatexchange/large/11168dfe-f5d4-4a93-a4b4-6a5192e2881e.jpeg,58,Negative
https://media.rtm.com/thegreatexchange/large/7976a7c5-b9db-4d50-82e9-8c81451ac8be.jpeg,15,Positive
https://media.rtm.com/thegreatexchange/large/3b7a3ccf-91a6-436d-ad41-5ab57ee44a0f.jpeg,40,Positive
https://media.rtm.com/thegreatexchange/large/3f8563ab-f738-48ce-bbf9-a2ae30c7dd53.jpeg,3,Positive
https://media.rtm.com/thegreatexchange/large/a7a40b83-dd3b-4307-84a0-5577221982d9.jpeg,33,Positive
https://media.rtm.com/thegreatexchange/large/3a07455f-5986-4724-8b3e-2389af39b867.jpeg,73,Positive
https://media.rtm.com/thegreatexchange/large/ba1169b8-238c-4b1c-a5c4-238a7f020f00.jpeg,4,Positive
https://media.rtm.com/thegreatexchange/large/5503486b-c589-4552-bac5-2cdb5ff62726.jpeg,55,Positive
https://media.rtm.com/thegreatexchange/large/7817aeea-eed4-44f2-b89c-f3f417f6f783.jpeg,99,Positive
https://media.rtm.com/thegreatexchange/large/fd8a6c34-7b6b-470a-bb6f-f27ed72d9660.jpeg,60,Negative
https://media.rtm.com/thegreatexchange/large/f5a4709b-1ced-4c98-b3f4-35bcb6cbc089.jpeg,50,Positive
https://media.rtm.com/thegreatexchange/large/622e66b9-ac15-47fd-8749-12a9d74ac285.jpeg,27,Positive
https://media.rtm.com/thegreatexchange/large/01f0a641-a4ff-4367-9d95-f4407e4b79b0.jpeg,7,Positive
https://media.rtm.com/thegreatexchange/large/81169a44-cf03-4491-b9c3-3e418334b955.jpeg,84,Positive
https://media.rtm.com/thegreatexchange/large/8c7e53ff-89a8-4acf-856c-2ba6c7833914.jpeg,78,Positive
https://media.rtm.com/thegreatexchange/large/72409b2f-9a46-4252-b387-fd6c14bd8529.jpeg,3,Negative
https://media.rtm.com/thegreatexchange/large/506d069a-4eae-497c-b42b-50fa7c602d6a.jpeg,23,Positive
https://media.rtm.com/thegreatexchange/large/327b39f5-6879-449a-b3a7-6e3a93cb6902.jpeg,53,Negative
https://media.rtm.com/thegreatexchange/large/65e06938-aa64-46d2-9efd-747787dd7d13.jpeg,23,Negative
https://media.rtm.com/thegreatexchange/large/aee84544-e7a0-4a8b-a45d-5ab20ef81d92.jpeg,21,Positive
https://media.rtm.com/thegreatexchange/large/e88cba5c-30fe-4b6e-b821-b226b0a92a9e.jpeg,87,Negative
https://media.rtm.com/thegreatexchange/large/af65aaf3-78ab-458e-a48f-2cf011579671.jpeg,67,Negative
https://media.rtm.com/thegreatexchange/large/4d281a35-8ac1-41a4-a6cd-472574eeeb3b.jpeg,46,Neutral
https://media.rtm.com/thegreatexchange/large/fcaf0bed-184e-4d48-a97b-6b5b4c22a211.jpeg,96,Positive
https://media.rtm.com/thegreatexchange/large/03947b87-a222-4bc9-8480-436e0d218188.jpeg,6,Positive
https://media.rtm.com/thegreatexchange/large/f5a3947f-6a4c-485c-bd2e-925845325ee0.jpeg,6,Negative
https://media.rtm.com/thegreatexchange/large/546805ff-ea6e-4540-bec1-14185ad9fb8d.jpeg,59,Negative
https://media.rtm.com/thegreatexchange/large/beef280f-372d-40d1-979e-fad80a195c28.jpeg,47,Positive
https://media.rtm.com/thegreatexchange/large/85a60a3e-4139-473d-a55b-576e385e5002.jpeg,33,Positive
https://media.rtm.com/thegreatexchange/large/ea0cd4d7-e7a6-4d56-aa39-881fb63a5803.jpeg,85,Positive
https://media.rtm.com/thegreatexchange/large/6b3e087f-1be2-431b-ace3-26d55ee5fa2f.jpeg,93,Positive
https://media.rtm.com/thegreatexchange/large/1373fc0f-505d-4535-bbfb-f8832a86d2d0.jpeg,81,Negative
https://media.rtm.com/thegreatexchange/large/b9237501-9844-40ce-81c4-f2fca66f6208.jpeg,54,Positive
https://media.rtm.com/thegreatexchange/large/544ed167-8110-43a9-9d9a-3c1b6f7dcb67.jpeg,25,Positive
https://media.rtm.com/thegreatexchange/large/c4dc2c69-208b-4af2-b689-2f29aa7b29a7.jpeg,60,Positive
https://media.rtm.com/thegreatexchange/large/8597799a-e65d-456f-b46e-375c851149d3.jpeg,61,Positive
https://media.rtm.com/thegreatexchange/large/5f404067-b189-4348-a9da-fc7f794cafb8.jpeg,0,Positive
https://media.rtm.com/thegreatexchange/large/211cad50-2882-4c27-9b3c-56c04d89ac10.jpeg,47,Positive
https://media.rtm.com/thegreatexchange/large/04406b2c-b0a1-4d31-a461-c125b8511987.jpeg,25,Positive
https://media.rtm.com/thegreatexchange/large/17b4006a-8c67-4136-8204-f97897bab074.jpeg,90,Positive
https://media.rtm.com/thegreatexchange/large/e9fda0b8-6581-4542-ab7f-592f91447bd4.jpeg,30,Positive
https://media.rtm.com/thegreatexchange/large/8c8fe283-83d9-430b-a637-555e5028a3d5.jpeg,40,Positive
https://media.rtm.com/thegreatexchange/large/9d795ada-72f4-4c23-a718-db19118b0480.jpeg,70,Positive
https://media.rtm.com/thegreatexchange/large/239b38ad-b017-497f-aca5-0538a2e0e074.jpeg,64,Negative
https://media.rtm.com/thegreatexchange/large/4d81b83d-05a2-49ed-92d1-4be05eb036a8.jpeg,66,Negative
https://media.rtm.com/thegreatexchange/large/f265f9d9-3323-4f16-9229-46522ee01468.jpeg,0,Negative
https://media.rtm.com/thegreatexchange/large/03225c66-d751-4fda-8b00-a7c789cdb45d.jpeg,97,Positive
https://media.rtm.com/thegreatexchange/large/abc9856d-1f63-458e-8300-f4ba60d4a4d9.jpeg,57,Positive
https://media.rtm.com/thegreatexchange/large/89f7561a-ff7a-4426-94ba-6a7d94d69285.jpeg,65,Positive
https://media.rtm.com/thegreatexchange/large/a726a5ea-b827-4733-ab1c-b6b2d05c997b.jpeg,45,Positive
https://media.rtm.com/thegreatexchange/large/daeb2930-f038-4ee7-8021-d1bfc52736ca.jpeg,27,Positive
https://media.rtm.com/thegreatexchange/large/7e538e69-0e10-4aea-9ded-5ba4462d9c26.jpeg,7,Positive
https://media.rtm.com/thegreatexchange/large/d5e5dafb-ea96-42d1-8857-e61527b83278.jpeg,33,Positive
https://media.rtm.com/thegreatexchange/large/7b76b2d5-31b8-482d-ab82-ecde661bc8ac.jpeg,66,Positive
https://media.rtm.com/thegreatexchange/large/22dab890-f0ef-47b6-8c9c-7c6b2d94c309.jpeg,60,Neutral
https://media.rtm.com/thegreatexchange/large/2777affe-f744-4d7d-a868-a08c4701e3fe.jpeg,9,Negative
https://media.rtm.com/thegreatexchange/large/2afb0fa6-bc5a-4e98-9b80-4d1a95a2945a.jpeg,11,Positive
https://media.rtm.com/thegreatexchange/large/137627ad-42e0-4b40-9f5d-45c4ac0dd7a5.jpeg,63,Negative
https://media.rtm.com/thegreatexchange/large/e89de560-3b45-4a4b-a764-ab35667ed8a7.jpeg,26,Positive
https://media.rtm.com/thegreatexchange/large/d98f9c60-22ff-48f7-ba09-510606f3ad26.jpeg,44,Negative
https://media.rtm.com/thegreatexchange/large/a7b9ff48-91b5-4234-b45b-7548a5bf1a17.jpeg,59,Neutral
https://media.rtm.com/thegreatexchange/large/351bec17-606e-4c08-817e-60ce34431fd0.jpeg,57,Negative
https://media.rtm.com/thegreatexchange/large/1c350f3b-e751-4ab3-ba87-295bb669d91b.jpeg,68,Positive
https://media.rtm.com/thegreatexchange/large/a471cb85-5592-48f1-bc5c-eb05d5593faa.jpeg,78,Neutral
https://media.rtm.com/thegreatexchange/large/f2d73887-6360-4602-8ab9-f8ce7525668c.jpeg,32,Negative
https://media.rtm.com/thegreatexchange/large/89b3a915-d3ba-452c-bb1d-1616d8312958.jpeg,79,Positive
https://media.rtm.com/thegreatexchange/large/a1fa7eb4-4efa-4b0b-8c6d-f3ac9d6dea2d.jpeg,43,Negative
https://media.rtm.com/thegreatexchange/large/44d1c34d-6d06-4af8-bf08-3fdf4ed80dc4.jpeg,91,Positive
https://media.rtm.com/thegreatexchange/large/f11e8ab8-e078-4199-aa94-3a44440dc62d.jpeg,65,Positive
https://media.rtm.com/thegreatexchange/large/8563ccf2-b80a-4883-9809-609fe6c7e820.jpeg,36,Positive
https://media.rtm.com/thegreatexchange/large/d15c7c33-dac8-4a6d-8e62-9da61b485d90.jpeg,53,Negative
https://media.rtm.com/thegreatexchange/large/60d70c64-f2a5-4b29-a904-017e727bc06d.jpeg,24,Positive
https://media.rtm.com/thegreatexchange/large/404e95b2-d4e5-4e14-a5ee-b6482d922ac4.jpeg,68,Positive
https://media.rtm.com/thegreatexchange/large/aa142c06-5fb2-47e1-ae73-301356a947b8.jpeg,63,Positive
https://media.rtm.com/thegreatexchange/large/993f1b48-d7e0-4c88-a1a7-aadcb8840e7b.jpeg,30,Positive
https://media.rtm.com/thegreatexchange/large/3387aa87-f51f-43aa-8649-ad9bd4d0dc81.jpeg,34,Positive
https://media.rtm.com/thegreatexchange/large/a7ad408b-8592-4841-a643-494acce0ad47.jpeg,9,Positive
https://media.rtm.com/thegreatexchange/large/3e2636f4-c0a3-4d16-a646-cbc2b1413cc9.jpeg,82,Negative
https://media.rtm.com/thegreatexchange/large/a06de762-c4b7-4886-98fd-60b5c6ae1b19.jpeg,98,Positive
https://media.rtm.com/thegreatexchange/large/66678da1-beb2-46ca-9715-edf2fb1065b1.jpeg,6,Positive
https://media.rtm.com/thegreatexchange/large/d34ca56e-4ac3-44e9-bda3-4e342646deef.jpeg,79,Positive
https://media.rtm.com/thegreatexchange/large/f1514bc7-2267-4a46-a33e-e5090ccc47e6.jpeg,27,Positive
https://media.rtm.com/thegreatexchange/large/69107335-13ff-444a-8b29-cc10a4e762f6.jpeg,59,Positive
https://media.rtm.com/thegreatexchange/large/dee069af-f8dc-423b-ab9b-3cbc5cd3ae08.jpeg,36,Positive
https://media.rtm.com/thegreatexchange/large/2047fa9f-1221-418f-8cb2-f0bc69502039.jpeg,89,Positive
https://media.rtm.com/thegreatexchange/large/130db66b-a3aa-4c1e-be3e-b5b7b90c5a8f.jpeg,14,Positive
https://media.rtm.com/thegreatexchange/large/d2fa309b-b551-4bad-a559-fd5d91c52659.jpeg,46,Negative
https://media.rtm.com/thegreatexchange/large/d7807bd8-7046-46f9-8363-66270d57e1b5.jpeg,59,Positive
https://media.rtm.com/thegreatexchange/large/e575f77a-6206-4848-b3b1-e822609ee540.jpeg,3,Neutral
https://media.rtm.com/thegreatexchange/large/3a215ff8-5da0-4047-abf3-eb27745dc8a0.jpeg,41,Positive
https://media.rtm.com/thegreatexchange/large/e6233b96-57bb-4370-905c-1596a5cc0eaa.jpeg,56,Positive
https://media.rtm.com/thegreatexchange/large/ac04b9bc-739c-4584-8a73-396bf05c9768.jpeg,96,Positive
https://media.rtm.com/thegreatexchange/large/d6940cb8-c630-486c-b555-eae32b8b06c8.jpeg,33,Positive
https://media.rtm.com/thegreatexchange/large/895645f4-4a96-4a6b-a16a-b1f8ee8f6fe9.jpeg,42,Positive
https://media.rtm.com/thegreatexchange/large/497ca849-632f-4db5-962f-48155453a9ca.jpeg,7,Neutral
https://media.rtm.com/thegreatexchange/large/506c3025-a946-411f-93ae-16054a39efa4.jpeg,58,Negative
https://media.rtm.com/thegreatexchange/large/6df3706c-e8a2-4e10-8509-9fd288f5b81c.jpeg,30,Positive
https://media.rtm.com/thegreatexchange/large/cb7ca0cc-db0e-441b-ab55-8d83facd36e5.jpeg,3,Positive
https://media.rtm.com/thegreatexchange/large/38507e69-072a-49aa-96f0-75e57057a844.jpeg,13,Positive
https://media.rtm.com/thegreatexchange/large/13cd9973-2857-4c6c-9633-cf1009e3bc62.jpeg,0,Positive
https://media.rtm.com/thegreatexchange/large/cb8e4d8d-f9cf-4b7f-af83-10de9386d42c.jpeg,52,Positive
https://media.rtm.com/thegreatexchange/large/64596a88-4485-4d24-bfdb-0d45cc448509.jpeg,34,Positive
https://media.rtm.com/thegreatexchange/large/486acc75-f120-40f9-8697-1ac7c6eef374.jpeg,62,Positive
https://media.rtm.com/thegreatexchange/large/89ae2014-35c5-49f2-b4d4-5fe6fa67c3a6.jpeg,41,Positive
https://media.rtm.com/thegreatexchange/large/932e7d89-db36-4d3d-b030-81e4e260a306.jpeg,45,Positive
https://media.rtm.com/thegreatexchange/large/092e6efb-365b-4d45-a470-15ee18b799cb.jpeg,12,Positive
https://media.rtm.com/thegreatexchange/large/dace437d-f7b7-497c-97cc-2d55834fa8f9.jpeg,40,Positive
https://media.rtm.com/thegreatexchange/large/57c43fdb-9274-4460-9351-c0c35f8c2f09.jpeg,50,Positive
https://media.rtm.com/thegreatexchange/large/84b8fa4a-1b4b-44e9-b66a-b86cc646ee92.jpeg,93,Positive
https://media.rtm.com/thegreatexchange/large/f3cddbb9-ad23-4f4d-a568-ac7779077451.jpeg,27,Positive
https://media.rtm.com/thegreatexchange/large/8bc23169-cd9c-465d-992e-50c8816ea363.jpeg,64,Positive
https://media.rtm.com/thegreatexchange/large/d9d219c9-fcba-4ccd-b599-2c62f42acc6a.jpeg,15,Positive
https://media.rtm.com/thegreatexchange/large/96dbcd54-6796-4b5d-ba2e-3d647f26516c.jpeg,20,Negative
https://media.rtm.com/thegreatexchange/large/7460078a-c1c9-48ef-88a1-45cb50768890.jpeg,2,Positive
https://media.rtm.com/thegreatexchange/large/bcbf64f1-a68c-4353-b083-a29074ec2aef.jpeg,25,Positive
https://media.rtm.com/thegreatexchange/large/aec67d5c-5c42-4c28-9256-d87d70004a79.jpeg,80,Positive
https://media.rtm.com/thegreatexchange/large/7cc66c79-8f91-42de-8a84-ef7e1758bf43.jpeg,31,Positive
https://media.rtm.com/thegreatexchange/large/827ebe9d-64c7-455d-b6e8-6f8e7a424b04.jpeg,59,Neutral
https://media.rtm.com/thegreatexchange/large/eb7f51b1-e78f-4ee2-8c45-dd07dfca95b6.jpeg,78,Neutral
https://media.rtm.com/thegreatexchange/large/50968fa6-78dc-457a-80f2-0a7ff8b63367.jpeg,3,Positive
https://media.rtm.com/thegreatexchange/large/3343174b-ea6a-468d-97c3-6cd2b5620715.jpeg,41,Positive
https://media.rtm.com/thegreatexchange/large/1b6fc9ed-818d-41b2-bfea-ac0aff43b56c.jpeg,4,Neutral
https://media.rtm.com/thegreatexchange/large/96599d65-dceb-4273-aa90-bc3879b271be.jpeg,47,Positive
https://media.rtm.com/thegreatexchange/large/9f847186-a627-4397-91e3-e6c7e1edb840.jpeg,57,Positive
https://media.rtm.com/thegreatexchange/large/ba0b71bd-f131-471b-b3a1-cc4dc0bce459.jpeg,46,Neutral
https://media.rtm.com/thegreatexchange/large/25771851-8120-4898-9695-38e1c67d5a02.jpeg,68,Negative
https://media.rtm.com/thegreatexchange/large/12cec5dc-1d02-46ed-b975-97d84415c40f.jpeg,29,Neutral
https://media.rtm.com/thegreatexchange/large/3d9b26c8-f79c-42a1-a35a-098cfe504053.jpeg,2,Positive
https://media.rtm.com/thegreatexchange/large/5aed29fa-0e58-4da8-89f0-36751605d1c2.jpeg,3,Positive
https://media.rtm.com/thegreatexchange/large/76db0f0c-249d-4f79-94f3-f33be1bdac11.jpeg,14,Positive
https://media.rtm.com/thegreatexchange/large/d15be37c-30de-42d6-82da-0d6798eb2eab.jpeg,11,Negative
https://media.rtm.com/thegreatexchange/large/2f3c44b8-4c63-40cf-b94f-8d9f8bfce158.jpeg,24,Positive
https://media.rtm.com/thegreatexchange/large/662fef7e-8200-4ff9-9a7b-34bec40b7f74.jpeg,3,Positive
https://media.rtm.com/thegreatexchange/large/d3378d3e-7a28-42ee-9ebb-fb393d352439.jpeg,24,Positive
https://media.rtm.com/thegreatexchange/large/ba8c4e53-1a6d-477b-b798-af23f0fef50c.jpeg,7,Negative
https://media.rtm.com/thegreatexchange/large/cae7939c-8fc4-42f7-b372-7ce586817785.jpeg,17,Positive
https://media.rtm.com/thegreatexchange/large/fa16c837-3eac-45f1-b812-9445d02e150c.jpeg,4,Positive
https://media.rtm.com/thegreatexchange/large/2f5ce9ba-609b-4072-a825-c042c1d63817.jpeg,60,Positive
https://media.rtm.com/thegreatexchange/large/0826af24-030d-4d22-aef7-b38a48433e79.jpeg,94,Positive
https://media.rtm.com/thegreatexchange/large/f6ef0caa-ff3c-4ae4-aa64-e5e07fcb6c9b.jpeg,27,Positive
https://media.rtm.com/thegreatexchange/large/d4627ce5-2432-4a71-b1af-ecc10a126513.jpeg,30,Negative
https://media.rtm.com/thegreatexchange/large/5b0b89d9-2646-425c-8fe9-be5d11ea69aa.jpeg,60,Positive
https://media.rtm.com/thegreatexchange/large/13bb9e9e-1de7-401d-8cfd-99321bebe5e9.jpeg,95,Negative
https://media.rtm.com/thegreatexchange/large/e4d2b97c-bceb-4ee0-98be-742a61898c39.jpeg,78,Positive
https://media.rtm.com/thegreatexchange/large/a407d5f3-e52e-4fbc-a2d6-f74095910318.jpeg,39,Positive
https://media.rtm.com/thegreatexchange/large/4561fa40-c949-4bfe-b38c-182d01f61728.jpeg,51,Positive
https://media.rtm.com/thegreatexchange/large/d7d92099-d05c-430c-99b1-3246a91942c0.jpeg,32,Positive
https://media.rtm.com/thegreatexchange/large/34209ce3-161a-46f8-a4d0-d09228d363cf.jpeg,99,Positive
https://media.rtm.com/thegreatexchange/large/bb6bb66d-f8d1-4bff-bd66-4ecdf53b15e6.jpeg,60,Positive
https://media.rtm.com/thegreatexchange/large/e47bca1b-b8e0-4269-afc1-fb28cde2e635.jpeg,7,Positive
https://media.rtm.com/thegreatexchange/large/3e68ec08-8c00-477e-bbc9-39eaab100bdd.jpeg,46,Neutral
https://media.rtm.com/thegreatexchange/large/b09fb62d-1156-4db6-9342-17b6e1d0d66b.jpeg,85,Negative
https://media.rtm.com/thegreatexchange/large/c7d07da6-82e7-4246-bd54-53ea0a4ee6bd.jpeg,77,Negative
https://media.rtm.com/thegreatexchange/large/4faf7f4a-ee9e-4a29-8c49-172c744c418b.jpeg,12,Positive
https://media.rtm.com/thegreatexchange/large/e09bb342-edce-43aa-9f89-a9467549f7cf.jpeg,75,Positive
https://media.rtm.com/thegreatexchange/large/699b9757-500c-45de-a1ee-28ddeb6a32c9.jpeg,29,Positive
https://media.rtm.com/thegreatexchange/large/14f8f273-747d-4d8a-85e5-5abce6b4f7f9.jpeg,2,Positive
https://media.rtm.com/thegreatexchange/large/cfdb9691-f1a7-44cb-a8ac-800cfe91ae58.jpeg,4,Negative
https://media.rtm.com/thegreatexchange/large/c1f6f5ac-f1d1-4ab5-92d5-2512386e3f35.jpeg,45,Positive
https://media.rtm.com/thegreatexchange/large/556d98b5-9e85-44be-be67-7876bae2936e.jpeg,58,Neutral
https://media.rtm.com/thegreatexchange/large/d95195ce-8568-4ee0-bf8e-f02d98804103.jpeg,14,Positive
https://media.rtm.com/thegreatexchange/large/64ba260e-9252-4d20-9f54-943179e5fc73.jpeg,65,Positive
https://media.rtm.com/thegreatexchange/large/1b2832b5-2678-4600-b9c3-f1ba226575f3.jpeg,80,Negative
https://media.rtm.com/thegreatexchange/large/7e4195af-32ff-4daf-b65a-0c523c631b55.jpeg,25,Negative
https://media.rtm.com/thegreatexchange/large/7f5622f4-4b3f-4f3f-bfb7-2b9a8e567c83.jpeg,72,Positive
https://media.rtm.com/thegreatexchange/large/a13e021d-26b5-4a19-b011-9a5af40c3846.jpeg,80,Neutral
https://media.rtm.com/thegreatexchange/large/51165145-abbc-41d2-b375-dd8a40c35801.jpeg,28,Positive
https://media.rtm.com/thegreatexchange/large/f7096f2d-98dd-455b-8b5e-6371d1801964.jpeg,59,Positive
https://media.rtm.com/thegreatexchange/large/9b251193-2dc4-407b-8e32-01369238e201.jpeg,81,Positive
https://media.rtm.com/thegreatexchange/large/21f4895f-eb30-44d0-9e11-7704820ffcf8.jpeg,94,Negative
https://media.rtm.com/thegreatexchange/large/cefbc9d3-b162-499e-aec8-a59864fb19d3.jpeg,0,Positive
https://media.rtm.com/thegreatexchange/large/ed6160ed-670c-450b-a3f1-14e278e11e42.jpeg,46,Positive
https://media.rtm.com/thegreatexchange/large/0130f127-59cd-4eaf-845e-dcfcb33b3acd.jpeg,57,Positive
https://media.rtm.com/thegreatexchange/large/5f2f1e52-ddd1-4525-9992-dff2e15565d7.jpeg,78,Positive
https://media.rtm.com/thegreatexchange/large/0f9e0e64-82b4-449c-adbd-bf3d02c9e08b.jpeg,99,Negative
https://media.rtm.com/thegreatexchange/large/36b674c9-33e4-4522-84c3-a946c68d7d35.jpeg,1,Positive
https://media.rtm.com/thegreatexchange/large/1de363fb-a84f-409f-b121-f1ad6e6b5803.jpeg,45,Positive
https://media.rtm.com/thegreatexchange/large/6926d348-28d2-4a33-af71-0d6682aed4ea.jpeg,55,Positive
https://media.rtm.com/thegreatexchange/large/6308823e-a20c-4a5c-8e47-7ad64dbe2dad.jpeg,40,Positive
https://media.rtm.com/thegreatexchange/large/3443373a-0d9e-4c20-91bc-d471a05e17b1.jpeg,46,Positive
https://media.rtm.com/thegreatexchange/large/efdaaeb3-1fa1-4e27-8802-a1d4d03634e1.jpeg,6,Positive
https://media.rtm.com/thegreatexchange/large/2d56def4-6dfb-4156-b9b0-efec06c99bee.jpeg,4,Positive
https://media.rtm.com/thegreatexchange/large/be6ab572-4401-4f0e-896b-ca0d9f495179.jpeg,61,Positive
https://media.rtm.com/thegreatexchange/large/2930d924-5a81-4911-abf2-39b59dd59584.jpeg,59,Negative
https://media.rtm.com/thegreatexchange/large/7849e81c-fc65-434d-b308-eda8f0dc2e91.jpeg,15,Neutral
https://media.rtm.com/thegreatexchange/large/dfddda46-c57c-4bf4-9848-63d8dd51f8ca.jpeg,42,Neutral
https://media.rtm.com/thegreatexchange/large/b6ec2939-029c-4967-a58e-9bd22680c247.jpeg,71,Negative
https://media.rtm.com/thegreatexchange/large/4490afd8-cfd4-46d8-83e7-caf072987cc1.jpeg,49,Neutral
https://media.rtm.com/thegreatexchange/large/0d11514e-06f8-4fdf-a1e3-a398f78348d9.jpeg,16,Neutral
https://media.rtm.com/thegreatexchange/large/0a016400-d674-42ca-b1c2-829241c7ffa7.jpeg,78,Positive
https://media.rtm.com/thegreatexchange/large/869f9e78-c618-487f-8601-19a933cb6970.jpeg,24,Positive
https://media.rtm.com/thegreatexchange/large/13526268-382f-4325-8c59-3e4315cc9fea.jpeg,10,Neutral
https://media.rtm.com/thegreatexchange/large/748bd9a9-c97c-4f60-8c96-ebc4754595e7.jpeg,33,Positive
https://media.rtm.com/thegreatexchange/large/25507602-ab28-44ad-82f9-dff90e0d0827.jpeg,21,Negative
https://media.rtm.com/thegreatexchange/large/b8d6f7a3-dc65-4c89-8fe3-07c8629094de.jpeg,29,Positive
https://media.rtm.com/thegreatexchange/large/20ddc42f-c0f7-46ea-8ff3-022ba07a90b3.jpeg,60,Positive
https://media.rtm.com/thegreatexchange/large/565d0c6a-e3ec-4def-a530-d7e3dc2a7a70.jpeg,86,Positive
https://media.rtm.com/thegreatexchange/large/c85e7106-0469-4135-b5b4-d466ced7fb81.jpeg,4,Negative
https://media.rtm.com/thegreatexchange/large/7eaac566-ee7d-4bbd-b9cb-f5b115984e13.jpeg,4,Neutral
https://media.rtm.com/thegreatexchange/large/27758ceb-5e97-4987-a4b5-846ca9a910ee.jpeg,44,Positive
https://media.rtm.com/thegreatexchange/large/108aefc2-9a12-4d20-afd3-875b9d6faad8.jpeg,35,Positive
https://media.rtm.com/thegreatexchange/large/4d71e99d-e867-4a1d-8db0-8d9a4abde569.jpeg,53,Positive
https://media.rtm.com/thegreatexchange/large/360d8233-ea22-4b93-9ddb-30fa3cc1453e.jpeg,47,Positive
https://media.rtm.com/thegreatexchange/large/a2e56da8-b3c1-4c9b-bc8f-1aa59f917f29.jpeg,58,Positive
https://media.rtm.com/thegreatexchange/large/5b29cff8-d469-4b3e-b78a-4c9ab40e6e66.jpeg,14,Neutral
https://media.rtm.com/thegreatexchange/large/c93f5138-995a-44cf-8112-4128599854f9.jpeg,53,Negative
https://media.rtm.com/thegreatexchange/large/a9389d7e-256a-47d7-a6c0-09d27bd9238d.jpeg,92,Positive
https://media.rtm.com/thegreatexchange/large/3346be66-0034-4b0d-a3f8-c7dfbb2cc986.jpeg,41,Positive
https://media.rtm.com/thegreatexchange/large/57839a17-bb28-4e83-a486-2a5dc0136f0f.jpeg,2,Positive
https://media.rtm.com/thegreatexchange/large/dd44c768-ae6b-4b57-bd5f-be0049e62850.jpeg,2,Positive
https://media.rtm.com/thegreatexchange/large/3595b3fb-4eca-4257-b625-7f8ea0bd5c95.jpeg,71,Neutral
https://media.rtm.com/thegreatexchange/large/4fe9c20b-bd59-446c-9b8d-f0e5297fa1b1.jpeg,28,Neutral
https://media.rtm.com/thegreatexchange/large/e7e30847-b460-4a30-adc6-49c5925816d4.jpeg,23,Positive
https://media.rtm.com/thegreatexchange/large/a81f26e5-fd73-4bc6-8ab1-2dcea42d8f73.jpeg,33,Negative
https://media.rtm.com/thegreatexchange/large/cb73af20-31b6-4c08-8154-c366f0fba4f2.jpeg,73,Positive
https://media.rtm.com/thegreatexchange/large/18973345-f31a-410d-b38a-514b8efe7a30.jpeg,35,Positive
https://media.rtm.com/thegreatexchange/large/e81eb43a-91fb-4283-9bb4-1e5504bb3d5a.jpeg,44,Positive
https://media.rtm.com/thegreatexchange/large/d2fb8c75-328b-4fc1-8910-fd7da76691cf.jpeg,98,Positive
https://media.rtm.com/thegreatexchange/large/7a0d5f1f-2cba-4a94-b2b2-b45ad305519a.jpeg,54,Positive
https://media.rtm.com/thegreatexchange/large/ff757d1b-467c-41af-8a29-a31f4ff13b5d.jpeg,32,Positive
https://media.rtm.com/thegreatexchange/large/ef723304-4cb1-4060-9e4d-bae6e4c43216.jpeg,94,Positive
https://media.rtm.com/thegreatexchange/large/aa778fdd-7a2a-49ca-b930-b8bafb7230e2.jpeg,91,Positive
https://media.rtm.com/thegreatexchange/large/b0435d58-db07-4a68-bc85-aa6dc16495c8.jpeg,5,Positive
https://media.rtm.com/thegreatexchange/large/13cf7518-5c47-4377-b54c-47f78a54c32d.jpeg,28,Neutral
https://media.rtm.com/thegreatexchange/large/eb41d0ef-de71-42d6-b3c8-2ff6563fc127.jpeg,4,Positive
https://media.rtm.com/thegreatexchange/large/35a3b31e-3c68-4940-a572-176ea3d23e89.jpeg,42,Positive
https://media.rtm.com/thegreatexchange/large/4bd97ac1-2584-4e17-b8dc-aace62383852.jpeg,3,Negative
https://media.rtm.com/thegreatexchange/large/97784e99-85dd-4d76-aa32-3f787ca59c7d.jpeg,52,Positive
https://media.rtm.com/thegreatexchange/large/f74c78a5-d0c2-43d2-9314-2c8eca7ca5f0.jpeg,10,Negative
https://media.rtm.com/thegreatexchange/large/a3624aa7-f029-4f71-9f3b-642ca69bdd26.jpeg,84,Positive
https://media.rtm.com/thegreatexchange/large/0a666307-4d2d-4261-a13a-e80f58635134.jpeg,79,Positive
https://media.rtm.com/thegreatexchange/large/4cac3d30-2aa2-41b8-a4d9-23350c552f2f.jpeg,29,Positive
https://media.rtm.com/thegreatexchange/large/a7bb3f4e-02c7-4c8a-b7b2-a1c329c1dcb7.jpeg,31,Positive
https://media.rtm.com/thegreatexchange/large/6b29d373-bf07-4e79-84c5-16c4d92bb64a.jpeg,33,Neutral
https://media.rtm.com/thegreatexchange/large/5f4c949f-c4f4-4893-affc-d1443994b032.jpeg,93,Neutral
https://media.rtm.com/thegreatexchange/large/711d43cd-69ed-41a6-b09b-f76a33048bbf.jpeg,5,Positive
https://media.rtm.com/thegreatexchange/large/da7296ce-094e-4cb9-b203-ef5a4231d166.jpeg,33,Negative
https://media.rtm.com/thegreatexchange/large/808664f2-1605-43f2-81b3-88d786f7e76b.jpeg,64,Positive
https://media.rtm.com/thegreatexchange/large/9867d1ee-6ae8-40af-814e-b4040958a8f9.jpeg,54,Positive
https://media.rtm.com/thegreatexchange/large/73f8b5ba-2510-4f94-a12e-ff20318a6201.jpeg,44,Negative
https://media.rtm.com/thegreatexchange/large/26883a6f-eab5-468d-94da-89c260ad5712.jpeg,66,Positive
https://media.rtm.com/thegreatexchange/large/8ced7ee6-bcd9-484d-9c9b-dd0371c78078.jpeg,40,Neutral
https://media.rtm.com/thegreatexchange/large/35c232ac-e10c-463a-aba3-69da9a0fdc47.jpeg,33,Positive
https://media.rtm.com/thegreatexchange/large/c9b20528-478e-4460-918b-d403303fb30d.jpeg,36,Positive
https://media.rtm.com/thegreatexchange/large/900de248-9824-45e5-8ac7-268041ab5636.jpeg,38,Neutral
https://media.rtm.com/thegreatexchange/large/e3348054-23bb-4bbc-9852-518359537775.jpeg,95,Neutral
https://media.rtm.com/thegreatexchange/large/f938f27e-5878-4332-80a7-5ece39e57f4a.jpeg,15,Positive
https://media.rtm.com/thegreatexchange/large/82005c49-630c-4350-903b-d6da7728b7ff.jpeg,3,Neutral
https://media.rtm.com/thegreatexchange/large/d685bca0-66e8-4d67-9762-84aaa0918f73.jpeg,39,Positive
https://media.rtm.com/thegreatexchange/large/db9102dc-cad6-4a0c-b422-a7440f11bcb0.jpeg,92,Positive
https://media.rtm.com/thegreatexchange/large/9bb379bf-0579-4b37-a44e-f4dd2a78eb35.jpeg,56,Positive
https://media.rtm.com/thegreatexchange/large/02030dde-232a-490c-a697-5968b287a5a6.jpeg,25,Neutral
https://media.rtm.com/thegreatexchange/large/d2eb87a3-d705-4499-891c-3bc9ad521685.jpeg,85,Positive
https://media.rtm.com/thegreatexchange/large/b2aae344-e5d5-4dd6-b571-cf446d4d4068.jpeg,62,Positive
https://media.rtm.com/thegreatexchange/large/5736b41d-9c10-4f65-928a-54a10b3aaee3.jpeg,91,Negative
https://media.rtm.com/thegreatexchange/large/45c78084-a417-4222-a86d-7542a43abcaa.jpeg,90,Negative
https://media.rtm.com/thegreatexchange/large/32be6db4-4341-417d-9c5a-4ed1a1c7f251.jpeg,70,Neutral
https://media.rtm.com/thegreatexchange/large/0e6e37c7-18f4-425b-9eb3-827e9d773ea2.jpeg,19,Negative
https://media.rtm.com/thegreatexchange/large/c2693d89-3328-4f9b-baad-0c7f1c61afc9.jpeg,50,Positive
https://media.rtm.com/thegreatexchange/large/dd5beb64-eccc-48ce-8958-e2ed98793088.jpeg,40,Negative
https://media.rtm.com/thegreatexchange/large/866a93dd-c0a0-4e0f-8723-79bbc8c93124.jpeg,33,Negative
https://media.rtm.com/thegreatexchange/large/d7e91a96-5423-4c23-9dd6-08e68a218696.jpeg,41,Negative
https://media.rtm.com/thegreatexchange/large/5bd3ce35-5c87-4c60-a50f-3aa522568249.jpeg,3,Negative
https://media.rtm.com/thegreatexchange/large/a7fa6734-9782-4a7b-92f4-51995de836c6.jpeg,11,Neutral
https://media.rtm.com/thegreatexchange/large/f7a7e6a1-24ec-40fa-a0cd-9fd9fbc1ba3e.jpeg,46,Positive
https://media.rtm.com/thegreatexchange/large/fbe91017-ecbd-4f29-8c56-dc2bfd139d88.jpeg,51,Neutral
https://media.rtm.com/thegreatexchange/large/a30aa7fb-da50-40be-b273-d45e3133a424.jpeg,32,Neutral
https://media.rtm.com/thegreatexchange/large/733bd132-0d91-4a73-b482-9ce84a0e4dd2.jpeg,78,Neutral
https://media.rtm.com/thegreatexchange/large/6b92561b-d7f7-4c24-8531-2188bfed4040.jpeg,61,Negative
https://media.rtm.com/thegreatexchange/large/eca0b9be-171f-4373-8dad-b3a27c8f911d.jpeg,50,Negative
https://media.rtm.com/thegreatexchange/large/7b050556-4d55-4823-99d8-a8f20ae58aac.jpeg,98,Positive
https://media.rtm.com/thegreatexchange/large/57f4e90f-6264-45e1-a403-caac17ab3adb.jpeg,64,Negative
https://media.rtm.com/thegreatexchange/large/15e9fe29-658d-432c-87da-6223503b801a.jpeg,74,Neutral
https://media.rtm.com/thegreatexchange/large/c6c8713a-3fc4-4247-a7cc-c5dd38654c50.jpeg,20,Neutral
https://media.rtm.com/thegreatexchange/large/97c8bf63-24a7-4d7b-8136-66a02762a81a.jpeg,57,Neutral
https://media.rtm.com/thegreatexchange/large/7b37f757-5e6f-4c9d-a822-aa9be3c1b49b.jpeg,94,Positive
https://media.rtm.com/thegreatexchange/large/6441ef04-3c78-4f95-9ce1-4b2e16522078.jpeg,78,Positive
https://media.rtm.com/thegreatexchange/large/80b1a190-5cde-4f6b-a647-2c6add620b89.jpeg,93,Positive
https://media.rtm.com/thegreatexchange/large/fe9d775e-fa93-448f-b267-2b39e3d08586.jpeg,4,Positive
https://media.rtm.com/thegreatexchange/large/5c3b16f5-f40a-46ad-8f20-fca3e2f9126c.jpeg,27,Positive
https://media.rtm.com/thegreatexchange/large/bfa69350-b202-4985-bbaa-a8e5874a27d4.jpeg,50,Positive
https://media.rtm.com/thegreatexchange/large/a878dd9b-7d6f-48fa-b425-a59cf7635e95.jpeg,57,Positive
https://media.rtm.com/thegreatexchange/large/4e49b529-6832-477f-986b-7b0f441bdf55.jpeg,27,Positive
https://media.rtm.com/thegreatexchange/large/1e1174bf-39b6-48dc-9dfe-ea77398081d9.jpeg,60,Positive
https://media.rtm.com/thegreatexchange/large/368a3c40-1107-4c37-a0fa-3b75d43cfcfe.jpeg,26,Positive
https://media.rtm.com/thegreatexchange/large/be2202cd-96ea-4984-ad1c-b54f0a2bf2f9.jpeg,48,Positive
https://media.rtm.com/thegreatexchange/large/e2100b94-8f16-4ea5-823e-534d6fb7b941.jpeg,24,Positive
https://media.rtm.com/thegreatexchange/large/226b771d-7946-4eb4-a2ab-0262137c9757.jpeg,85,Negative
https://media.rtm.com/thegreatexchange/large/3db95b35-3a56-41b5-a170-c87b41d281b4.jpeg,78,Negative
https://media.rtm.com/thegreatexchange/large/aa07615a-eb3f-4c27-a198-8f8dc041ef77.jpeg,10,Positive
https://media.rtm.com/thegreatexchange/large/791862df-f63e-4025-aeac-d3f22c05b582.jpeg,64,Positive
https://media.rtm.com/thegreatexchange/large/638cb3bb-a400-4844-ab9d-f884c0b280da.jpeg,54,Positive
https://media.rtm.com/thegreatexchange/large/2184635c-77d4-47aa-870c-f4b9dd9433b8.jpeg,59,Positive
https://media.rtm.com/thegreatexchange/large/5b2d1ba3-8fa6-424b-8cba-4a12afbb2b1f.jpeg,93,Positive
https://media.rtm.com/thegreatexchange/large/a3cf369a-ad1c-4b82-ba0e-ccd7d8c37ae5.jpeg,5,Positive
https://media.rtm.com/thegreatexchange/large/08f6c1cd-feff-4229-88fb-ce2470501daa.jpeg,76,Positive
https://media.rtm.com/thegreatexchange/large/6207970c-7cc3-4687-b1c7-55005e5cdac5.jpeg,62,Neutral
https://media.rtm.com/thegreatexchange/large/2f3ae2a8-5e8b-48ce-a593-d4802bdd1c94.jpeg,19,Positive
https://media.rtm.com/thegreatexchange/large/e8d20d77-1594-4bf9-a687-7a5c60d2cfca.jpeg,84,Positive
https://media.rtm.com/thegreatexchange/large/98075f89-9be1-497b-8d73-28d93c55be36.jpeg,24,Positive
https://media.rtm.com/thegreatexchange/large/7d48bac9-1a49-40e7-a080-261eab3398fc.jpeg,39,Positive
https://media.rtm.com/thegreatexchange/large/13f2e63e-141f-49a3-a3e8-c5dd1febdf27.jpeg,91,Positive
https://media.rtm.com/thegreatexchange/large/920cb952-c4e3-4ced-9d83-afa2aca35149.jpeg,98,Positive
https://media.rtm.com/thegreatexchange/large/69ffd486-d06a-4666-ba05-9c4454fecf17.jpeg,4,Negative
https://media.rtm.com/thegreatexchange/large/92e11f96-b0f5-4d24-be95-8bc6e562f4f2.jpeg,42,Positive
https://media.rtm.com/thegreatexchange/large/6f9603d8-7f96-471f-9549-4c391a45a015.jpeg,37,Positive
https://media.rtm.com/thegreatexchange/large/0d426846-562c-42d8-bc34-e80054fdba23.jpeg,24,Positive
https://media.rtm.com/thegreatexchange/large/03f9b0ef-4515-455e-9219-26f2d7be4d1f.jpeg,69,Neutral
https://media.rtm.com/thegreatexchange/large/396ccbaa-d499-4a4a-b0fc-0a9a81a49abd.jpeg,4,Positive
https://media.rtm.com/thegreatexchange/large/32ee0d0f-0943-47d3-a948-c323cd55af5f.jpeg,95,Negative
https://media.rtm.com/thegreatexchange/large/71a6bb1f-c210-4a59-ad3d-c8ed007ac0ff.jpeg,13,Negative
https://media.rtm.com/thegreatexchange/large/aeb5391e-7d8f-4031-a553-3af70f5583fe.jpeg,51,Positive
https://media.rtm.com/thegreatexchange/large/91ec42b9-ed61-4b40-8082-fe82fc9a62cf.jpeg,32,Positive
https://media.rtm.com/thegreatexchange/large/fe5f7ba8-9778-459d-b513-e45cd0dcd693.jpeg,26,Positive
https://media.rtm.com/thegreatexchange/large/9ef3e1e4-b42b-41ca-bb5c-24006d476df7.jpeg,17,Positive
https://media.rtm.com/thegreatexchange/large/b96b539f-c03e-4e24-9e5a-ebfd02e7c63b.jpeg,70,Positive
https://media.rtm.com/thegreatexchange/large/8cf3d76a-6ef7-40a2-ad13-f109562a55ae.jpeg,47,Positive
https://media.rtm.com/thegreatexchange/large/2b46ebb3-2a96-428d-8f9d-9b8dd2b4f82f.jpeg,96,Positive
https://media.rtm.com/thegreatexchange/large/b2884895-9f75-4834-8312-a3ba81aad8a4.jpeg,49,Positive
https://media.rtm.com/thegreatexchange/large/3e2c502b-a07e-45ca-9712-ca8ec001c96f.jpeg,18,Positive
https://media.rtm.com/thegreatexchange/large/6b798679-16da-4f2d-b321-cd62c982e538.jpeg,32,Positive
https://media.rtm.com/thegreatexchange/large/9a89f645-a89c-40ff-8c04-5d08c61edb0e.jpeg,79,Positive
https://media.rtm.com/thegreatexchange/large/81197a12-a0e5-4570-8e4a-bbb4ae0fbfdf.jpeg,63,Positive
https://media.rtm.com/thegreatexchange/large/c2585cc9-a19c-4ce5-b26f-09edf2b864b3.jpeg,47,Neutral
https://media.rtm.com/thegreatexchange/large/d1297f47-2668-4739-bcc3-3e68c348cb70.jpeg,37,Positive
https://media.rtm.com/thegreatexchange/large/af79629a-89da-4c00-94ed-1ab2ea4abb7e.jpeg,40,Negative
https://media.rtm.com/thegreatexchange/large/5cf3845f-8f91-4850-91da-7d2ebb748e4e.jpeg,14,Positive
https://media.rtm.com/thegreatexchange/large/3ac8a590-a5b9-4841-affc-c3c6139f9560.jpeg,52,Positive
https://media.rtm.com/thegreatexchange/large/94dece8f-60fe-42bf-9558-d27832bc8ddb.jpeg,58,Neutral
https://media.rtm.com/thegreatexchange/large/06b98c39-9b07-4962-bf4b-6d7d5f806acf.jpeg,42,Positive
https://media.rtm.com/thegreatexchange/large/81555a7f-63e7-4019-8d82-6d959b1f2487.jpeg,29,Positive
https://media.rtm.com/thegreatexchange/large/9de27edf-de2d-4396-99fe-9d43acef3ee1.jpeg,16,Positive
https://media.rtm.com/thegreatexchange/large/64a10610-e142-4fde-9d19-7b5346b8567e.jpeg,86,Neutral
https://media.rtm.com/thegreatexchange/large/1fd63e03-a42a-4412-acbc-e851dacb64a7.jpeg,7,Negative
https://media.rtm.com/thegreatexchange/large/cac2be2b-350c-4e0e-be8f-67f73e863483.jpeg,6,Negative
https://media.rtm.com/thegreatexchange/large/d13e4a54-fe57-41c5-b2d3-d0a6ed9ffa87.jpeg,25,Positive
https://media.rtm.com/thegreatexchange/large/9db4ed9d-3f2d-4de9-b20f-30097fe66b21.jpeg,89,Positive
https://media.rtm.com/thegreatexchange/large/aa13107b-2bdb-43e6-bd26-81ec7746cbd9.jpeg,39,Negative
https://media.rtm.com/thegreatexchange/large/964cff31-9fff-4c1b-b450-69d0327e61ee.jpeg,28,Negative
https://media.rtm.com/thegreatexchange/large/c78cd87f-5865-449f-87b6-d3329491037d.jpeg,41,Positive
https://media.rtm.com/thegreatexchange/large/e5e929fb-3baa-413c-99d3-f2706998e238.jpeg,35,Positive
https://media.rtm.com/thegreatexchange/large/1ae0f319-7f8d-4981-aa76-4ee59ebd3280.jpeg,12,Negative
https://media.rtm.com/thegreatexchange/large/75729472-b3ae-4f3f-9b0b-840aae41c30f.jpeg,25,Positive
https://media.rtm.com/thegreatexchange/large/d543b3ff-c864-49e6-9979-946cd5f7cdf9.jpeg,25,Positive
https://media.rtm.com/thegreatexchange/large/acafbeda-f4e7-4817-8a55-eacb7f807e91.jpeg,9,Positive
https://media.rtm.com/thegreatexchange/large/4d73845d-2c68-43d9-bbd9-68651a4ee744.jpeg,61,Positive
https://media.rtm.com/thegreatexchange/large/aa45c343-d55b-4e63-9973-bc0f407b4d49.jpeg,3,Positive
https://media.rtm.com/thegreatexchange/large/4cbee4a3-23a1-4e56-9a2f-8783f781813c.jpeg,61,Positive
https://media.rtm.com/thegreatexchange/large/122406e1-3958-4a2c-9123-2e34a5594a96.jpeg,51,Positive
https://media.rtm.com/thegreatexchange/large/50f6f782-3d75-49c9-b76d-36fbb4d330d9.jpeg,94,Positive
https://media.rtm.com/thegreatexchange/large/8c7f06f8-9c31-46f3-bade-6d742529fd8b.jpeg,97,Positive
https://media.rtm.com/thegreatexchange/large/69abd287-b98e-41ad-9228-3713fc3d7d4d.jpeg,71,Positive
https://media.rtm.com/thegreatexchange/large/e647e11e-20fe-4525-9f64-f58485954a45.jpeg,7,Negative
https://media.rtm.com/thegreatexchange/large/6a74d70e-3157-481d-a44a-13ec3d8c090e.jpeg,40,Positive
https://media.rtm.com/thegreatexchange/large/89845591-ad63-4411-b443-4c175e662e18.jpeg,29,Neutral
https://media.rtm.com/thegreatexchange/large/84f35891-9f4f-46ec-b7f0-6b814e62efd4.jpeg,9,Positive
https://media.rtm.com/thegreatexchange/large/67b320aa-1371-4184-9a42-f1c29d38f156.jpeg,77,Positive
https://media.rtm.com/thegreatexchange/large/7fa4b0e2-9259-4185-a24a-4400018914d6.jpeg,83,Negative
https://media.rtm.com/thegreatexchange/large/a0014377-5d91-4e53-9ada-165f4360eea6.jpeg,72,Positive
https://media.rtm.com/thegreatexchange/large/2fdcc7ca-d768-41a4-81e4-307290f71b2b.jpeg,36,Positive
https://media.rtm.com/thegreatexchange/large/1c31d607-3cbc-40a9-9200-3dca5ee64031.jpeg,74,Positive
